Date, Open, High, Low, Close
06/12/20, 9097.28, 9232.28, 8855.12, 9081.90
06/11/20, 9230.64, 9230.64, 8820.63, 8839.36
06/10/20, 9753.62, 9762.37, 9521.06, 9579.07
06/09/20, 9882.76, 9882.76, 9705.14, 9825.57
06/08/20, 9966.04, 10096.18, 9944.70, 10052.85
06/05/20, 9927.86, 10075.43, 9840.40, 9872.96
06/04/20, 9451.33, 9613.53, 9401.94, 9575.25
06/03/20, 9275.32, 9478.11, 9270.92, 9440.77
06/02/20, 9060.63, 9169.67, 9028.83, 9134.88
06/01/20, 8962.59, 9025.72, 8884.89, 8965.91
05/29/20, 8927.74, 9022.88, 8875.31, 8969.79
05/28/20, 9181.82, 9187.40, 8967.29, 9005.43
05/27/20, 9042.23, 9162.59, 8939.97, 9151.39
05/26/20, 8686.39, 8958.37, 8686.39, 8895.61
05/22/20, 8464.94, 8496.77, 8374.91, 8470.09
05/21/20, 8469.92, 8536.93, 8401.20, 8452.85
05/20/20, 8380.96, 8594.50, 8380.96, 8488.98
05/19/20, 8336.10, 8424.91, 8227.80, 8228.93
05/18/20, 8015.50, 8366.34, 8015.50, 8322.86
05/15/20, 7778.78, 7869.53, 7716.94, 7761.00
05/14/20, 7715.17, 7866.04, 7505.28, 7861.34
05/13/20, 7962.10, 7967.21, 7744.56, 7823.80
05/12/20, 8249.43, 8277.07, 7999.48, 8000.55
05/11/20, 8262.70, 8310.93, 8165.56, 8234.18
05/08/20, 8146.20, 8347.86, 8146.20, 8332.50
05/07/20, 8012.69, 8167.64, 8012.69, 8050.59
05/06/20, 8087.95, 8094.89, 7920.08, 7931.83
05/05/20, 8091.24, 8188.48, 8027.44, 8047.30
05/04/20, 8040.02, 8040.02, 7863.56, 7980.96
05/01/20, 8253.25, 8253.25, 8081.09, 8144.86
04/30/20, 8515.33, 8515.33, 8360.91, 8377.08
04/29/20, 8580.81, 8697.49, 8552.97, 8628.62
04/28/20, 8461.39, 8502.44, 8321.40, 8407.32
04/27/20, 8193.52, 8381.45, 8145.63, 8317.42
04/24/20, 8032.56, 8112.80, 7925.71, 8092.40
04/23/20, 7957.06, 8093.42, 7915.78, 7951.66
04/22/20, 7956.18, 8007.07, 7814.49, 7840.59
04/21/20, 7820.41, 7906.82, 7762.43, 7844.37
04/20/20, 8133.11, 8162.22, 7894.84, 7969.73
04/17/20, 8158.56, 8287.67, 8114.00, 8233.81
04/16/20, 7976.29, 8003.37, 7803.37, 7981.93
04/15/20, 8058.21, 8066.83, 7888.94, 8003.23
04/14/20, 8188.28, 8301.01, 8118.10, 8177.69
04/13/20, 8259.69, 8259.69, 7994.69, 8036.98
04/09/20, 8290.63, 8425.45, 8106.62, 8236.92
04/08/20, 8036.24, 8196.62, 7942.64, 8152.39
04/07/20, 8090.60, 8220.22, 7846.24, 7865.49
04/06/20, 7569.12, 7874.99, 7569.12, 7837.69
04/03/20, 7413.98, 7488.40, 7229.00, 7305.31
04/02/20, 7270.52, 7465.97, 7209.95, 7445.71
04/01/20, 7404.09, 7512.08, 7284.82, 7352.58
03/31/20, 7758.74, 7862.56, 7647.13, 7732.32
03/30/20, 7675.83, 7857.27, 7561.47, 7790.91
03/27/20, 7851.69, 7891.36, 7563.67, 7699.18
03/26/20, 7872.57, 8085.58, 7752.95, 8045.47
03/25/20, 7650.23, 8148.98, 7467.65, 7724.87
03/24/20, 7124.20, 7567.06, 7094.14, 7540.80
03/23/20, 6816.66, 6890.23, 6504.56, 6703.63
03/20/20, 7152.64, 7418.91, 6799.38, 6837.72
03/19/20, 6938.85, 7324.23, 6743.07, 7078.73
03/18/20, 7215.94, 7215.94, 6481.20, 6971.44
03/17/20, 7125.27, 7617.70, 6905.10, 7468.23
03/16/20, 7574.15, 7574.15, 6996.32, 7023.44
03/13/20, 7466.59, 7940.49, 7329.17, 7939.40
03/12/20, 7955.81, 7955.81, 7253.10, 7259.02
03/11/20, 8345.80, 8345.80, 8027.81, 8126.09
03/10/20, 8194.09, 8521.39, 8069.45, 8520.84
03/09/20, 8803.05, 8803.05, 8015.30, 8083.49
03/06/20, 8807.08, 9057.62, 8659.62, 8956.06
03/05/20, 9297.92, 9297.92, 8979.34, 9010.92
03/04/20, 9288.65, 9524.14, 9189.84, 9512.05
03/03/20, 9481.35, 9695.50, 9146.10, 9200.67
03/02/20, 9437.47, 9497.80, 9156.01, 9475.68
02/28/20, 9331.55, 9422.35, 9127.16, 9388.19
02/27/20, 9674.95, 9884.05, 9368.58, 9484.44
02/26/20, 10126.76, 10141.68, 9828.73, 9840.89
02/25/20, 10542.93, 10560.56, 10039.06, 10061.46
02/24/20, 10698.11, 10698.11, 10397.40, 10509.92
02/21/20, 10969.06, 10977.44, 10826.97, 10908.94
02/20/20, 10965.03, 11071.92, 10937.46, 11032.96
02/19/20, 10895.30, 10967.33, 10888.52, 10943.24
02/18/20, 10846.32, 10916.74, 10810.72, 10865.58
02/14/20, 10982.18, 11001.35, 10841.27, 10862.92
02/13/20, 10967.47, 11014.31, 10894.95, 10994.14
02/12/20, 10958.38, 11042.04, 10955.92, 11003.45
02/11/20, 10915.14, 11005.22, 10894.84, 10902.72
02/10/20, 10843.18, 10874.07, 10805.96, 10866.58
02/07/20, 10823.44, 10889.93, 10781.45, 10857.73
02/06/20, 10961.00, 10988.28, 10864.27, 10874.40
02/05/20, 10887.37, 10956.74, 10856.54, 10928.84
02/04/20, 10690.45, 10818.34, 10690.45, 10783.03
02/03/20, 10611.44, 10705.42, 10570.95, 10590.66
01/31/20, 10777.57, 10778.24, 10533.29, 10566.74
01/30/20, 10815.87, 10844.43, 10675.50, 10833.17
01/29/20, 10863.26, 11038.15, 10859.23, 10905.64
01/28/20, 10863.14, 10921.55, 10814.20, 10861.34
01/27/20, 10848.06, 10889.32, 10766.84, 10796.83
01/24/20, 11142.81, 11149.04, 10972.35, 11059.84
01/23/20, 10982.36, 11155.14, 10872.07, 11143.42
01/22/20, 11098.32, 11134.03, 10991.67, 10999.36
01/21/20, 11226.20, 11252.77, 11028.41, 11075.01
01/17/20, 11248.09, 11359.49, 11190.05, 11278.85
01/16/20, 11259.72, 11326.03, 11255.23, 11304.97
01/15/20, 11190.17, 11268.10, 11154.16, 11195.39
01/14/20, 11087.45, 11228.20, 11086.48, 11164.51
01/13/20, 10978.70, 11065.76, 10974.43, 11062.74
01/10/20, 11033.44, 11049.66, 10961.51, 10973.88
01/09/20, 11024.93, 11055.47, 10991.61, 11025.82
01/08/20, 10882.96, 11051.19, 10870.71, 10983.64
01/07/20, 10841.81, 10926.22, 10793.34, 10887.56
01/06/20, 10789.13, 10851.20, 10745.88, 10848.73
01/03/20, 10852.63, 10917.71, 10793.64, 10911.40
01/02/20, 10967.27, 10994.49, 10881.60, 10994.31
12/31/19, 10855.19, 10921.24, 10846.73, 10901.28
12/30/19, 10941.82, 10941.82, 10850.21, 10874.58
12/27/19, 10970.11, 10977.59, 10918.56, 10936.70
12/26/19, 10933.84, 10951.12, 10888.99, 10950.60
12/24/19, 10910.43, 10923.48, 10883.95, 10915.55
12/23/19, 10925.91, 10949.68, 10888.29, 10912.68
12/20/19, 10834.04, 10912.58, 10791.33, 10900.73
12/19/19, 10770.33, 10843.07, 10768.39, 10804.78
12/18/19, 10897.81, 10897.81, 10725.92, 10779.78
12/17/19, 10838.79, 10946.93, 10836.72, 10879.27
12/16/19, 10824.71, 10923.96, 10824.71, 10867.32
12/13/19, 10788.41, 10895.03, 10734.34, 10775.76
12/12/19, 10696.20, 10888.60, 10657.64, 10789.41
12/11/19, 10649.38, 10687.03, 10618.28, 10678.89
12/10/19, 10659.44, 10696.52, 10615.20, 10629.87
12/09/19, 10684.43, 10728.91, 10658.46, 10676.51
12/06/19, 10661.11, 10762.74, 10661.11, 10708.54
12/05/19, 10603.02, 10624.59, 10530.13, 10574.88
12/04/19, 10550.80, 10692.94, 10550.22, 10574.58
12/03/19, 10624.01, 10624.01, 10454.45, 10499.29
12/02/19, 10879.64, 10937.14, 10729.58, 10734.85
11/29/19, 10914.57, 10937.92, 10841.98, 10857.57
11/27/19, 10964.59, 10991.58, 10905.49, 10947.55
11/26/19, 10945.08, 11002.39, 10925.42, 10970.23
11/25/19, 10807.09, 10955.18, 10796.88, 10948.50
11/22/19, 10722.78, 10789.93, 10692.57, 10785.15
11/21/19, 10705.71, 10734.33, 10649.35, 10681.29
11/20/19, 10809.96, 10812.73, 10674.68, 10695.04
11/19/19, 10908.60, 10919.90, 10811.95, 10847.63
11/18/19, 10840.50, 10880.72, 10787.42, 10879.09
11/15/19, 10905.85, 10950.92, 10866.25, 10876.29
11/14/19, 10835.44, 10879.21, 10807.44, 10871.35
11/13/19, 10908.47, 10915.71, 10829.01, 10842.63
11/12/19, 11026.56, 11046.73, 10939.57, 10959.26
11/11/19, 11008.09, 11046.23, 10961.21, 11029.55
11/08/19, 11072.04, 11102.51, 11018.57, 11067.16
11/07/19, 11086.73, 11226.54, 11074.54, 11091.37
11/06/19, 11043.33, 11043.33, 10952.00, 11030.04
11/05/19, 10997.57, 11161.32, 10992.96, 11050.03
11/04/19, 10810.90, 10985.76, 10810.90, 10982.15
11/01/19, 10530.99, 10739.28, 10522.98, 10738.81
10/31/19, 10586.34, 10596.71, 10425.79, 10498.86
10/30/19, 10762.16, 10765.03, 10538.63, 10639.20
10/29/19, 10802.09, 10867.58, 10771.40, 10829.77
10/28/19, 10888.60, 10959.39, 10830.16, 10853.36
10/25/19, 10658.52, 10864.25, 10658.52, 10856.41
10/24/19, 10756.59, 10781.21, 10626.54, 10676.57
10/23/19, 10707.48, 10737.28, 10660.26, 10726.59
10/22/19, 10640.63, 10748.39, 10533.65, 10747.59
10/21/19, 10571.99, 10690.05, 10571.99, 10652.12
10/18/19, 10510.56, 10541.53, 10467.87, 10508.74
10/17/19, 10474.47, 10564.79, 10434.18, 10496.18
10/16/19, 10392.90, 10486.48, 10383.79, 10432.81
10/15/19, 10262.67, 10426.01, 10248.60, 10386.29
10/14/19, 10247.57, 10272.38, 10199.06, 10256.10
10/11/19, 10176.70, 10370.33, 10175.17, 10291.98
10/10/19, 9917.51, 10073.84, 9900.00, 10067.33
10/09/19, 9899.53, 9980.09, 9895.50, 9943.33
10/08/19, 9896.05, 9944.40, 9825.85, 9829.20
10/07/19, 10000.91, 10094.01, 9948.21, 10014.56
10/04/19, 9939.00, 10033.08, 9917.83, 10029.84
10/03/19, 9878.40, 9929.97, 9708.09, 9925.98
10/02/19, 10026.76, 10026.76, 9804.34, 9884.35
10/01/19, 10415.77, 10484.81, 10082.60, 10119.60
09/30/19, 10382.30, 10416.83, 10359.14, 10363.58
09/27/19, 10442.62, 10487.76, 10320.36, 10341.27
09/26/19, 10441.80, 10443.45, 10367.47, 10409.03
09/25/19, 10335.17, 10477.11, 10327.04, 10433.32
09/24/19, 10429.85, 10531.88, 10295.93, 10333.31
09/23/19, 10423.51, 10455.21, 10358.06, 10382.66
09/20/19, 10515.69, 10566.52, 10407.99, 10454.36
09/19/19, 10571.59, 10583.93, 10487.18, 10504.22
09/18/19, 10534.95, 10583.90, 10447.19, 10576.34
09/17/19, 10705.26, 10732.00, 10636.82, 10705.65
09/16/19, 10699.92, 10804.36, 10649.52, 10730.28
09/13/19, 10783.62, 10856.73, 10772.31, 10813.62
09/12/19, 10763.59, 10765.15, 10639.97, 10713.51
09/11/19, 10687.18, 10761.37, 10587.79, 10761.19
09/10/19, 10499.65, 10672.12, 10465.07, 10672.12
09/09/19, 10339.47, 10516.72, 10335.61, 10510.56
09/06/19, 10395.83, 10426.37, 10297.06, 10302.92
09/05/19, 10204.16, 10412.29, 10204.16, 10369.92
09/04/19, 10049.19, 10122.35, 10046.48, 10111.31
09/03/19, 10050.84, 10093.94, 9909.77, 9991.52
08/30/19, 10148.90, 10230.14, 10101.77, 10126.98
08/29/19, 9992.07, 10151.64, 9992.07, 10105.40
08/28/19, 9703.34, 9931.43, 9676.06, 9907.15
08/27/19, 9893.73, 9897.79, 9717.86, 9734.68
08/26/19, 9824.08, 9864.12, 9748.97, 9834.72
08/23/19, 10020.05, 10052.39, 9702.19, 9739.74
08/22/19, 10129.48, 10155.82, 10019.56, 10073.15
08/21/19, 10089.73, 10145.39, 10075.46, 10107.47
08/20/19, 10054.68, 10064.89, 10001.88, 10006.03
08/19/19, 10061.02, 10162.22, 10061.02, 10081.38
08/16/19, 9810.24, 9988.63, 9795.39, 9967.32
08/15/19, 9858.92, 9870.57, 9695.49, 9764.49
08/14/19, 10063.58, 10063.58, 9820.30, 9842.40
08/13/19, 10018.22, 10271.68, 9956.45, 10148.68
08/12/19, 10165.27, 10165.27, 9997.16, 10033.58
08/09/19, 10297.68, 10310.18, 10161.28, 10207.21
08/08/19, 10184.81, 10339.37, 10183.45, 10324.38
08/07/19, 10110.28, 10166.36, 9965.07, 10150.21
08/06/19, 10137.53, 10195.26, 10038.77, 10172.52
08/05/19, 10304.90, 10304.90, 9959.84, 10040.23
08/02/19, 10410.34, 10434.16, 10313.26, 10374.43
08/01/19, 10699.13, 10710.53, 10399.09, 10433.45
07/31/19, 10753.84, 10819.32, 10598.57, 10701.75
07/30/19, 10739.06, 10799.72, 10632.72, 10784.84
07/29/19, 10756.10, 10785.91, 10736.03, 10776.00
07/26/19, 10699.67, 10808.04, 10668.12, 10776.67
07/25/19, 10757.92, 10780.60, 10666.22, 10693.82
07/24/19, 10611.46, 10853.30, 10583.11, 10775.39
07/23/19, 10655.66, 10721.12, 10636.07, 10717.60
07/22/19, 10624.63, 10691.82, 10602.88, 10622.92
07/19/19, 10554.58, 10673.67, 10554.58, 10604.20
07/18/19, 10432.01, 10542.80, 10432.01, 10537.51
07/17/19, 10693.12, 10693.12, 10403.09, 10406.93
07/16/19, 10668.64, 10876.38, 10666.00, 10794.59
07/15/19, 10635.39, 10655.44, 10572.97, 10601.03
07/12/19, 10417.41, 10655.00, 10416.36, 10637.31
07/11/19, 10280.37, 10420.92, 10260.25, 10390.04
07/10/19, 10363.60, 10436.43, 10274.14, 10291.64
07/09/19, 10385.95, 10397.20, 10304.99, 10339.01
07/08/19, 10457.40, 10471.77, 10378.58, 10416.13
07/05/19, 10493.01, 10510.17, 10344.74, 10485.02
07/03/19, 10443.02, 10534.46, 10435.63, 10523.31
07/02/19, 10527.15, 10531.41, 10386.77, 10420.46
07/01/19, 10533.24, 10643.83, 10444.65, 10505.93
06/28/19, 10332.20, 10471.85, 10332.20, 10461.98
06/27/19, 10199.10, 10360.62, 10195.51, 10308.53
06/26/19, 10127.10, 10209.94, 10109.39, 10176.79
06/25/19, 10193.40, 10206.77, 10082.88, 10109.91
06/24/19, 10357.48, 10364.66, 10189.93, 10197.39
06/21/19, 10412.90, 10492.79, 10349.68, 10352.49
06/20/19, 10431.71, 10462.59, 10345.84, 10412.66
06/19/19, 10333.89, 10353.71, 10269.76, 10341.63
06/18/19, 10194.22, 10386.79, 10194.22, 10320.85
06/17/19, 10297.31, 10297.31, 10191.48, 10199.04
06/14/19, 10347.91, 10353.07, 10218.81, 10305.30
06/13/19, 10268.23, 10365.71, 10256.13, 10347.36
06/12/19, 10198.43, 10258.33, 10159.03, 10246.96
06/11/19, 10275.18, 10339.82, 10150.78, 10198.55
06/10/19, 10194.59, 10358.10, 10194.59, 10231.90
06/07/19, 10103.88, 10219.19, 10103.88, 10140.64
06/06/19, 10155.27, 10155.27, 10013.16, 10077.54
06/05/19, 10109.36, 10190.78, 10097.05, 10171.30
06/04/19, 9828.11, 10089.30, 9821.95, 10083.76
06/03/19, 9739.37, 9881.30, 9715.20, 9759.86
05/31/19, 9811.49, 9819.30, 9722.26, 9738.03
05/30/19, 9944.40, 10007.80, 9865.72, 9926.47
05/29/19, 9973.82, 9980.24, 9880.54, 9929.95
05/28/19, 10124.26, 10164.05, 10004.14, 10005.97
05/24/19, 10204.95, 10242.00, 10063.12, 10137.59
05/23/19, 10278.90, 10278.90, 10083.66, 10171.61
05/22/19, 10490.14, 10490.14, 10307.77, 10332.98
05/21/19, 10504.59, 10563.59, 10491.45, 10510.87
05/20/19, 10427.78, 10508.19, 10389.24, 10461.73
05/17/19, 10538.49, 10619.79, 10469.27, 10491.85
05/16/19, 10495.08, 10657.79, 10493.30, 10605.61
05/15/19, 10405.10, 10500.78, 10332.63, 10475.08
05/14/19, 10328.77, 10528.94, 10328.44, 10454.97
05/13/19, 10427.68, 10433.23, 10229.95, 10305.85
05/10/19, 10601.52, 10639.49, 10372.99, 10602.19
05/09/19, 10580.43, 10644.41, 10483.71, 10627.37
05/08/19, 10654.87, 10752.04, 10628.22, 10638.22
05/07/19, 10845.32, 10845.32, 10556.63, 10670.47
05/06/19, 10859.92, 10939.32, 10757.02, 10902.01
05/03/19, 10823.06, 10986.17, 10822.49, 10958.89
05/02/19, 10650.72, 10823.80, 10634.42, 10787.64
05/01/19, 10826.22, 10838.25, 10652.55, 10661.57
04/30/19, 10775.43, 10882.35, 10712.75, 10847.02
04/29/19, 10871.59, 10883.03, 10773.86, 10807.46
04/26/19, 10835.68, 10895.57, 10802.42, 10881.77
04/25/19, 11036.38, 11036.38, 10833.77, 10845.62
04/24/19, 11007.11, 11148.36, 11007.11, 11098.99
04/23/19, 10982.85, 11027.03, 10952.64, 11003.09
04/22/19, 10969.68, 11012.87, 10918.41, 10977.06
04/18/19, 10984.13, 11048.57, 10958.85, 10988.22
04/17/19, 10897.68, 11002.39, 10888.75, 10935.60
04/16/19, 10773.38, 10842.94, 10739.98, 10826.72
04/15/19, 10901.34, 10929.61, 10807.31, 10819.47
04/12/19, 10835.53, 10919.18, 10835.53, 10912.19
04/11/19, 10703.88, 10803.07, 10703.88, 10785.08
04/10/19, 10645.05, 10715.48, 10601.82, 10695.10
04/09/19, 10707.23, 10710.02, 10611.40, 10645.42
04/08/19, 10725.46, 10752.65, 10684.10, 10744.97
04/05/19, 10694.40, 10775.45, 10694.40, 10734.30
04/04/19, 10649.23, 10737.27, 10619.18, 10688.40
04/03/19, 10649.44, 10763.75, 10616.38, 10642.31
04/02/19, 10673.55, 10701.31, 10606.28, 10625.54
04/01/19, 10432.96, 10658.14, 10432.96, 10643.65
03/29/19, 10357.96, 10461.97, 10357.96, 10407.96
03/28/19, 10195.08, 10329.65, 10195.08, 10319.63
03/27/19, 10107.66, 10228.18, 10098.21, 10197.64
03/26/19, 10033.10, 10117.47, 10029.32, 10107.41
03/25/19, 10048.34, 10122.91, 9983.42, 10000.79
03/22/19, 10262.17, 10262.17, 10046.63, 10052.30
03/21/19, 10132.41, 10307.34, 10104.65, 10285.67
03/20/19, 10212.45, 10223.63, 10069.92, 10143.26
03/19/19, 10420.77, 10453.49, 10253.24, 10277.32
03/18/19, 10313.46, 10415.92, 10309.29, 10414.36
03/15/19, 10347.36, 10417.53, 10294.72, 10310.12
03/14/19, 10374.07, 10386.75, 10291.93, 10345.54
03/13/19, 10295.48, 10439.96, 10292.07, 10367.12
03/12/19, 10326.45, 10343.46, 10228.21, 10261.53
03/11/19, 10097.66, 10315.39, 10094.49, 10312.92
03/08/19, 10097.78, 10121.25, 9994.09, 10116.86
03/07/19, 10248.91, 10248.91, 10110.10, 10162.16
03/06/19, 10317.04, 10331.78, 10244.18, 10261.16
03/05/19, 10404.55, 10422.38, 10311.58, 10314.08
03/04/19, 10488.74, 10563.56, 10333.62, 10399.73
03/01/19, 10509.71, 10548.58, 10408.08, 10462.04
02/28/19, 10485.43, 10490.23, 10424.48, 10467.22
02/27/19, 10523.77, 10537.75, 10431.46, 10491.91
02/26/19, 10577.62, 10622.29, 10544.73, 10546.47
02/25/19, 10627.80, 10672.94, 10580.58, 10585.00
02/22/19, 10632.98, 10640.48, 10501.79, 10593.05
02/21/19, 10650.17, 10673.03, 10594.05, 10632.49
02/20/19, 10611.76, 10660.10, 10575.50, 10627.49
02/19/19, 10548.40, 10679.21, 10509.03, 10617.68
02/15/19, 10543.24, 10603.09, 10497.43, 10567.69
02/14/19, 10469.02, 10572.71, 10426.57, 10537.63
02/13/19, 10437.90, 10517.99, 10431.71, 10496.97
02/12/19, 10335.11, 10490.64, 10335.11, 10445.27
02/11/19, 10191.42, 10324.03, 10191.42, 10304.45
02/08/19, 10152.71, 10178.77, 10046.88, 10177.03
02/07/19, 10199.95, 10244.24, 10119.54, 10198.06
02/06/19, 10239.89, 10270.52, 10215.90, 10229.89
02/05/19, 10209.22, 10260.44, 10194.59, 10250.74
02/04/19, 10124.30, 10209.95, 10084.04, 10208.61
02/01/19, 10063.69, 10171.30, 10060.19, 10123.99
01/31/19, 10106.13, 10110.50, 9992.87, 10059.37
01/30/19, 9993.53, 10122.35, 9920.55, 10078.70
01/29/19, 9933.12, 9990.55, 9888.80, 9967.32
01/28/19, 9866.18, 9925.98, 9822.01, 9921.59
01/25/19, 9882.67, 9970.34, 9860.91, 9921.78
01/24/19, 9810.03, 9884.07, 9777.09, 9842.52
01/23/19, 9842.27, 9873.50, 9635.28, 9734.92
01/22/19, 9970.67, 9977.80, 9783.91, 9822.22
01/18/19, 9847.71, 10035.19, 9846.05, 10012.06
01/17/19, 9604.16, 9798.97, 9591.43, 9756.75
01/16/19, 9624.07, 9714.72, 9596.24, 9608.30
01/15/19, 9643.84, 9658.30, 9507.67, 9557.70
01/14/19, 9576.19, 9654.91, 9528.50, 9630.92
01/11/19, 9589.34, 9660.40, 9520.75, 9625.25
01/10/19, 9495.21, 9633.33, 9400.36, 9624.70
01/09/19, 9452.54, 9616.83, 9447.94, 9583.25
01/08/19, 9453.77, 9544.44, 9370.06, 9447.85
01/07/19, 9230.75, 9356.32, 9143.17, 9296.23
01/04/19, 8946.91, 9253.25, 8946.91, 9225.02
01/03/19, 9136.87, 9149.09, 8850.49, 8881.49
01/02/19, 9038.54, 9232.25, 8972.51, 9202.47
12/31/18, 9139.74, 9190.06, 9072.74, 9170.40
12/28/18, 9178.02, 9245.84, 9067.77, 9109.13
12/27/18, 8998.43, 9154.92, 8831.84, 9154.24
12/26/18, 8667.69, 9102.39, 8646.91, 9102.12
12/24/18, 8840.10, 8843.10, 8636.79, 8637.15
12/21/18, 9021.74, 9139.19, 8859.11, 8874.79
12/20/18, 9113.89, 9192.87, 8941.64, 9029.94
12/19/18, 9310.13, 9503.33, 9108.42, 9147.66
12/18/18, 9453.45, 9557.00, 9397.26, 9445.47
12/17/18, 9496.93, 9538.31, 9356.77, 9403.53
12/14/18, 9615.25, 9683.62, 9485.95, 9514.11
12/13/18, 9845.73, 9867.02, 9604.23, 9672.74
12/12/18, 9901.90, 9991.72, 9830.00, 9833.81
12/11/18, 9973.66, 10026.08, 9763.82, 9831.00
12/10/18, 9928.26, 9941.90, 9666.65, 9876.54
12/07/18, 10317.38, 10418.32, 9920.98, 9951.16
12/06/18, 10236.65, 10372.42, 10122.15, 10358.70
12/04/18, 10774.32, 10774.32, 10285.21, 10374.07
12/03/18, 10924.63, 11044.67, 10814.04, 10850.44
11/30/18, 10678.76, 10834.74, 10674.98, 10820.20
11/29/18, 10737.59, 10788.26, 10658.30, 10679.80
11/28/18, 10534.72, 10767.74, 10501.33, 10766.61
11/27/18, 10468.80, 10515.75, 10400.53, 10505.81
11/26/18, 10420.22, 10496.56, 10401.49, 10476.55
11/23/18, 10343.62, 10436.77, 10314.29, 10369.01
11/21/18, 10235.44, 10421.19, 10235.44, 10365.53
11/20/18, 10427.47, 10427.47, 10176.62, 10212.94
11/19/18, 10566.29, 10593.54, 10474.70, 10534.46
11/16/18, 10587.38, 10642.94, 10514.27, 10583.60
11/15/18, 10426.97, 10655.95, 10337.10, 10615.30
11/14/18, 10471.61, 10604.94, 10364.32, 10456.61
11/13/18, 10397.90, 10551.00, 10380.80, 10433.45
11/12/18, 10524.77, 10550.36, 10352.88, 10366.51
11/09/18, 10642.67, 10653.49, 10453.66, 10517.21
11/08/18, 10680.99, 10719.52, 10603.82, 10660.66
11/07/18, 10511.42, 10723.52, 10503.00, 10714.49
11/06/18, 10350.75, 10487.42, 10338.41, 10474.11
11/05/18, 10378.40, 10411.55, 10295.72, 10361.81
11/02/18, 10405.42, 10513.94, 10306.91, 10366.32
11/01/18, 10216.81, 10407.49, 10173.77, 10368.52
10/31/18, 10254.97, 10370.31, 10182.43, 10191.18
10/30/18, 9899.40, 10189.86, 9897.38, 10175.57
10/29/18, 10039.86, 10165.86, 9757.50, 9896.11
10/26/18, 10021.88, 10042.95, 9819.66, 9965.67
10/25/18, 9931.53, 10169.69, 9928.54, 10091.81
10/24/18, 10241.17, 10306.69, 9887.18, 9905.13
10/23/18, 10317.25, 10323.38, 10064.34, 10237.02
10/22/18, 10437.84, 10484.05, 10341.51, 10435.76
10/19/18, 10415.18, 10502.79, 10381.32, 10438.81
10/18/18, 10675.09, 10675.09, 10373.43, 10404.24
10/17/18, 10822.77, 10844.55, 10589.52, 10683.82
10/16/18, 10599.27, 10757.53, 10563.06, 10744.85
10/15/18, 10495.75, 10600.97, 10485.20, 10553.97
10/12/18, 10531.29, 10599.78, 10369.23, 10489.29
10/11/18, 10573.02, 10665.09, 10341.06, 10397.23
10/10/18, 10971.88, 10973.71, 10546.64, 10550.92
10/09/18, 11207.14, 11213.45, 10987.83, 10996.08
10/08/18, 11183.29, 11245.12, 11060.38, 11203.90
10/05/18, 11284.29, 11294.60, 11133.01, 11206.77
10/04/18, 11353.75, 11378.09, 11220.97, 11296.20
10/03/18, 11308.40, 11414.87, 11303.34, 11342.96
10/02/18, 11392.59, 11392.71, 11277.21, 11281.08
10/01/18, 11419.01, 11494.28, 11385.03, 11409.96
09/28/18, 11376.49, 11406.00, 11344.48, 11379.36
09/27/18, 11398.50, 11452.12, 11368.63, 11384.24
09/26/18, 11330.51, 11462.16, 11323.43, 11374.66
09/25/18, 11402.40, 11415.14, 11290.63, 11311.14
09/24/18, 11515.12, 11515.12, 11342.84, 11370.21
09/21/18, 11539.45, 11611.65, 11519.06, 11532.56
09/20/18, 11542.65, 11596.59, 11507.16, 11517.38
09/19/18, 11515.72, 11576.12, 11485.19, 11513.66
09/18/18, 11504.30, 11545.50, 11395.58, 11514.94
09/17/18, 11580.36, 11598.45, 11436.79, 11468.73
09/14/18, 11487.26, 11623.58, 11475.80, 11570.84
09/13/18, 11533.05, 11577.43, 11450.21, 11462.27
09/12/18, 11528.90, 11599.60, 11498.76, 11512.02
09/11/18, 11539.11, 11578.52, 11503.35, 11534.57
09/10/18, 11379.75, 11576.30, 11377.37, 11554.08
09/07/18, 11346.21, 11450.76, 11306.17, 11347.54
09/06/18, 11382.65, 11438.40, 11353.27, 11367.29
09/05/18, 11309.98, 11401.40, 11253.25, 11386.73
09/04/18, 11307.12, 11338.97, 11290.48, 11319.49
08/31/18, 11305.65, 11324.37, 11270.84, 11303.76
08/30/18, 11375.33, 11379.36, 11285.26, 11309.80
08/29/18, 11399.11, 11429.71, 11355.32, 11395.94
08/28/18, 11437.64, 11475.74, 11380.91, 11390.58
08/27/18, 11308.15, 11457.81, 11308.15, 11412.77
08/24/18, 11270.78, 11325.88, 11254.97, 11284.99
08/23/18, 11319.80, 11346.29, 11243.54, 11260.36
08/22/18, 11435.79, 11435.79, 11319.13, 11322.24
08/21/18, 11368.38, 11475.40, 11360.62, 11436.36
08/20/18, 11233.84, 11385.62, 11233.84, 11361.86
08/17/18, 11186.04, 11252.76, 11163.01, 11227.80
08/16/18, 11144.50, 11253.19, 11142.05, 11190.43
08/15/18, 11089.78, 11127.97, 10977.75, 11115.02
08/14/18, 11035.40, 11175.84, 11035.40, 11114.35
08/13/18, 11099.47, 11115.99, 10990.96, 11020.83
08/10/18, 11109.53, 11121.60, 11008.03, 11090.63
08/09/18, 11173.72, 11226.55, 11136.66, 11141.11
08/08/18, 11195.55, 11227.36, 11155.87, 11174.92
08/07/18, 11171.96, 11253.07, 11142.71, 11217.56
08/06/18, 11102.03, 11180.65, 11069.78, 11161.35
08/03/18, 11063.63, 11112.41, 11030.64, 11096.97
08/02/18, 10952.31, 11075.35, 10925.13, 11055.21
08/01/18, 11083.81, 11090.41, 10955.72, 10983.03
07/31/18, 10962.55, 11143.57, 10962.55, 11077.10
07/30/18, 10989.04, 11098.78, 10923.26, 10933.53
07/27/18, 10980.66, 11023.94, 10905.18, 10957.18
07/26/18, 10865.80, 11052.40, 10845.91, 10984.86
07/25/18, 10651.21, 10898.81, 10621.56, 10893.29
07/24/18, 10850.80, 10888.70, 10621.95, 10648.59
07/23/18, 10753.63, 10828.86, 10730.06, 10813.55
07/20/18, 10724.43, 10779.16, 10688.37, 10741.50
07/19/18, 10694.86, 10768.33, 10601.98, 10747.65
07/18/18, 10549.67, 10754.14, 10549.67, 10702.23
07/17/18, 10426.56, 10485.98, 10412.96, 10463.13
07/16/18, 10609.69, 10632.52, 10356.84, 10435.52
07/13/18, 10478.25, 10577.17, 10464.77, 10546.41
07/12/18, 10483.68, 10531.08, 10414.42, 10488.62
07/11/18, 10615.03, 10615.03, 10413.76, 10442.47
07/10/18, 10690.24, 10721.02, 10584.54, 10655.23
07/09/18, 10505.93, 10698.31, 10505.93, 10687.66
07/06/18, 10433.32, 10520.08, 10384.74, 10473.93
07/05/18, 10391.75, 10433.72, 10330.85, 10426.62
07/03/18, 10448.24, 10491.26, 10346.45, 10367.18
07/02/18, 10311.88, 10452.68, 10291.45, 10448.20
06/29/18, 10330.48, 10467.92, 10330.30, 10344.99
06/28/18, 10308.17, 10345.66, 10192.09, 10307.56
06/27/18, 10493.43, 10547.45, 10330.30, 10331.58
06/26/18, 10522.09, 10549.67, 10420.03, 10474.96
06/25/18, 10748.97, 10750.88, 10444.82, 10521.23
06/22/18, 10859.52, 10924.83, 10765.58, 10773.20
06/21/18, 10871.71, 10893.42, 10757.13, 10826.84
06/20/18, 10883.91, 10934.66, 10807.55, 10872.93
06/19/18, 10998.19, 10998.19, 10772.62, 10863.30
06/18/18, 11029.52, 11093.18, 10953.64, 11049.85
06/15/18, 10979.98, 11092.52, 10915.63, 11073.99
06/14/18, 11028.45, 11081.25, 10973.90, 11009.49
06/13/18, 11098.80, 11101.82, 10978.09, 11003.15
06/12/18, 11063.87, 11128.35, 11026.77, 11088.93
06/11/18, 10948.95, 11115.44, 10943.50, 11054.73
06/08/18, 10833.25, 10941.09, 10815.96, 10938.47
06/07/18, 10851.29, 10875.70, 10779.60, 10842.82
06/06/18, 10773.38, 10838.98, 10700.31, 10838.98
06/05/18, 10803.86, 10836.17, 10685.96, 10769.97
06/04/18, 10912.13, 10973.89, 10785.75, 10814.04
06/01/18, 10805.39, 10918.05, 10805.39, 10893.97
05/31/18, 10913.41, 10936.41, 10729.58, 10750.33
05/30/18, 10774.84, 10966.79, 10770.95, 10918.72
05/29/18, 10874.61, 10874.61, 10702.99, 10755.33
05/25/18, 10848.30, 10954.29, 10842.76, 10900.06
05/24/18, 10732.35, 10885.12, 10710.18, 10852.75
05/23/18, 10702.91, 10730.46, 10633.94, 10727.35
05/22/18, 10872.75, 10911.98, 10732.59, 10741.62
05/21/18, 10774.05, 10910.55, 10773.98, 10867.32
05/18/18, 10731.89, 10759.95, 10676.11, 10730.46
05/17/18, 10704.43, 10822.49, 10704.43, 10742.96
05/16/18, 10625.91, 10760.70, 10610.64, 10702.54
05/15/18, 10630.11, 10642.19, 10585.12, 10615.67
05/14/18, 10738.20, 10782.15, 10641.50, 10663.16
05/11/18, 10612.56, 10751.39, 10611.02, 10713.57
05/10/18, 10522.51, 10625.08, 10507.87, 10605.79
05/09/18, 10438.29, 10539.07, 10421.74, 10507.88
05/08/18, 10381.26, 10518.71, 10358.77, 10445.21
05/07/18, 10379.61, 10420.01, 10329.38, 10361.75
05/04/18, 10220.68, 10427.81, 10172.40, 10370.23
05/03/18, 10269.26, 10307.39, 10080.84, 10254.64
05/02/18, 10343.52, 10409.65, 10264.76, 10285.91
05/01/18, 10420.17, 10437.25, 10293.14, 10388.39
04/30/18, 10565.68, 10617.34, 10414.30, 10423.57
04/27/18, 10413.27, 10559.67, 10401.33, 10549.40
04/26/18, 10466.00, 10503.17, 10297.79, 10413.88
04/25/18, 10397.78, 10551.04, 10369.75, 10508.13
04/24/18, 10648.10, 10684.03, 10309.34, 10400.10
04/23/18, 10605.00, 10664.40, 10566.72, 10621.15
04/20/18, 10674.07, 10696.44, 10543.26, 10578.90
04/19/18, 10756.80, 10756.80, 10606.89, 10671.81
04/18/18, 10659.10, 10838.86, 10650.78, 10770.15
04/17/18, 10657.12, 10687.01, 10548.71, 10592.56
04/16/18, 10457.16, 10646.09, 10437.40, 10610.18
04/13/18, 10388.70, 10467.65, 10334.93, 10369.49
04/12/18, 10221.47, 10408.40, 10221.47, 10360.41
04/11/18, 10181.24, 10252.03, 10149.37, 10192.82
04/10/18, 10192.21, 10291.24, 10162.55, 10228.42
04/09/18, 10176.21, 10260.16, 10107.35, 10119.36
04/06/18, 10403.33, 10403.33, 10036.54, 10146.37
04/05/18, 10431.98, 10486.54, 10335.42, 10453.66
04/04/18, 10273.08, 10404.85, 10184.67, 10388.03
04/03/18, 10235.62, 10410.34, 10229.65, 10394.25
04/02/18, 10378.70, 10428.00, 10084.58, 10190.57
03/29/18, 10224.28, 10480.51, 10223.88, 10396.56
03/28/18, 10193.31, 10290.06, 10109.47, 10188.19
03/27/18, 10401.26, 10445.13, 10136.80, 10181.42
03/26/18, 10239.40, 10387.14, 10167.13, 10373.21
03/23/18, 10365.53, 10432.98, 10142.10, 10163.32
03/22/18, 10612.86, 10612.86, 10346.85, 10353.46
03/21/18, 10683.65, 10794.39, 10653.16, 10657.73
03/20/18, 10672.67, 10722.47, 10661.52, 10694.31
03/19/18, 10667.67, 10692.57, 10543.97, 10646.57
03/16/18, 10602.32, 10738.66, 10598.05, 10683.82
03/15/18, 10584.15, 10648.71, 10548.50, 10592.01
03/14/18, 10777.71, 10799.56, 10556.92, 10573.48
03/13/18, 10737.41, 10837.51, 10737.41, 10758.38
03/12/18, 10752.04, 10759.60, 10677.19, 10706.93
03/09/18, 10522.88, 10741.71, 10511.02, 10739.91
03/08/18, 10429.36, 10496.23, 10343.83, 10465.63
03/07/18, 10374.74, 10431.39, 10331.45, 10408.88
03/06/18, 10370.50, 10451.08, 10325.94, 10435.52
03/05/18, 10295.73, 10378.55, 10172.58, 10348.34
03/02/18, 10243.34, 10363.43, 10146.57, 10332.98
03/01/18, 10377.72, 10535.73, 10259.57, 10330.72
02/28/18, 10542.08, 10573.33, 10380.04, 10381.99
02/27/18, 10780.02, 10823.17, 10522.82, 10523.79
02/26/18, 10614.23, 10795.93, 10605.99, 10769.84
02/23/18, 10474.29, 10580.09, 10473.43, 10578.90
02/22/18, 10438.08, 10548.12, 10406.01, 10428.87
02/21/18, 10324.75, 10560.49, 10319.83, 10372.06
02/20/18, 10473.87, 10475.30, 10304.78, 10340.60
02/16/18, 10547.87, 10610.13, 10469.32, 10502.33
02/15/18, 10517.76, 10558.75, 10366.83, 10556.35
02/14/18, 10329.44, 10495.45, 10294.08, 10482.16
02/13/18, 10262.56, 10415.00, 10196.57, 10380.71
02/12/18, 10176.06, 10368.37, 10119.06, 10301.28
02/09/18, 10199.04, 10213.14, 9806.79, 10136.61
02/08/18, 10560.07, 10560.07, 10159.60, 10159.60
02/07/18, 10499.90, 10669.28, 10481.61, 10560.59
02/06/18, 10212.88, 10581.41, 10121.40, 10528.85
02/05/18, 10636.06, 10763.90, 10349.62, 10350.41
02/02/18, 10877.57, 10895.57, 10674.28, 10687.18
02/01/18, 10919.75, 10999.25, 10856.37, 10920.06
01/31/18, 10990.08, 11128.37, 10934.93, 10972.06
01/30/18, 11088.81, 11088.81, 10956.73, 10965.41
01/29/18, 11111.06, 11206.86, 11099.33, 11114.23
01/26/18, 11042.23, 11128.93, 11017.55, 11125.75
01/25/18, 11149.80, 11149.80, 10972.60, 11007.66
01/24/18, 11238.41, 11256.94, 11093.04, 11184.40
01/23/18, 11345.68, 11361.23, 11265.42, 11344.55
01/22/18, 11316.26, 11358.63, 11236.98, 11357.59
01/19/18, 11262.55, 11307.45, 11206.99, 11305.41
01/18/18, 11259.93, 11328.49, 11239.67, 11262.86
01/17/18, 11244.45, 11280.30, 11198.51, 11258.47
01/16/18, 11389.78, 11423.92, 11171.59, 11227.31
01/12/18, 11306.93, 11380.32, 11281.76, 11373.38
01/11/18, 11051.92, 11301.98, 11047.72, 11284.32
01/10/18, 11026.53, 11093.54, 10991.94, 11030.10
01/09/18, 11008.41, 11051.70, 11007.49, 11018.46
01/08/18, 10929.71, 11000.37, 10924.87, 10997.63
01/05/18, 10888.60, 10986.83, 10845.08, 10911.74
01/04/18, 10859.30, 10917.01, 10804.70, 10854.55
01/03/18, 10805.44, 10843.17, 10746.31, 10820.74
01/02/18, 10655.97, 10810.60, 10653.29, 10809.96
12/29/17, 10675.28, 10695.04, 10612.17, 10612.29
12/28/17, 10671.74, 10685.24, 10601.50, 10660.11
12/27/17, 10677.35, 10698.18, 10663.40, 10697.21
12/26/17, 10673.69, 10740.17, 10659.16, 10672.66
12/22/17, 10635.35, 10682.86, 10599.05, 10674.97
12/21/17, 10673.76, 10691.01, 10589.01, 10629.71
12/20/17, 10578.85, 10676.36, 10578.85, 10628.74
12/19/17, 10540.36, 10550.68, 10479.41, 10535.91
12/18/17, 10432.42, 10531.75, 10432.42, 10522.26
12/15/17, 10308.28, 10435.64, 10302.37, 10393.01
12/14/17, 10431.96, 10446.43, 10306.30, 10327.95
12/13/17, 10373.15, 10467.92, 10369.56, 10398.98
12/12/17, 10383.44, 10404.25, 10346.20, 10367.91
12/11/17, 10406.89, 10416.00, 10345.71, 10370.83
12/08/17, 10408.90, 10449.12, 10374.57, 10402.51
12/07/17, 10216.48, 10380.21, 10205.90, 10361.39
12/06/17, 10229.94, 10265.31, 10178.29, 10227.81
12/05/17, 10376.13, 10382.44, 10227.13, 10229.03
12/04/17, 10285.07, 10504.80, 10278.92, 10368.58
12/01/17, 10264.91, 10292.04, 10011.95, 10186.63
11/30/17, 10082.51, 10347.93, 10082.51, 10274.77
11/29/17, 9762.86, 10090.48, 9756.37, 10076.38
11/28/17, 9615.08, 9757.65, 9591.59, 9754.03
11/27/17, 9611.43, 9640.97, 9565.44, 9595.23
11/24/17, 9637.26, 9656.31, 9611.90, 9620.20
11/22/17, 9619.84, 9651.55, 9609.71, 9626.66
11/21/17, 9537.48, 9623.20, 9529.44, 9614.72
11/20/17, 9480.22, 9525.61, 9456.16, 9521.95
11/17/17, 9561.30, 9568.40, 9469.90, 9483.09
11/16/17, 9467.00, 9600.76, 9465.05, 9593.09
11/15/17, 9466.21, 9473.30, 9420.16, 9440.87
11/14/17, 9486.44, 9514.94, 9468.55, 9489.18
11/13/17, 9484.36, 9522.34, 9458.82, 9518.84
11/10/17, 9509.77, 9518.54, 9484.91, 9501.36
11/09/17, 9593.46, 9604.91, 9495.89, 9517.50
11/08/17, 9649.68, 9652.94, 9596.23, 9630.77
11/07/17, 9720.77, 9766.80, 9658.64, 9671.79
11/06/17, 9750.43, 9759.94, 9720.62, 9731.79
11/03/17, 9771.94, 9798.25, 9728.13, 9755.00
11/02/17, 9781.13, 9811.87, 9679.28, 9778.33
11/01/17, 9805.56, 9840.82, 9743.02, 9783.81
10/31/17, 9804.52, 9819.06, 9756.01, 9758.47
10/30/17, 9899.37, 9902.69, 9799.61, 9802.70
10/27/17, 9886.51, 9931.89, 9878.07, 9931.65
10/26/17, 9837.36, 9947.92, 9834.95, 9881.46
10/25/17, 9952.48, 9958.51, 9767.69, 9790.09
10/24/17, 9945.84, 9995.47, 9936.40, 9951.51
10/23/17, 10000.12, 10008.34, 9934.88, 9939.39
10/20/17, 9929.88, 9983.39, 9929.88, 9972.10
10/19/17, 9873.23, 9887.91, 9790.58, 9886.51
10/18/17, 9837.23, 9936.91, 9837.23, 9899.67
10/17/17, 9828.30, 9876.04, 9799.68, 9824.14
10/16/17, 9932.99, 9971.88, 9819.94, 9857.15
10/13/17, 10052.01, 10080.51, 9928.58, 9936.22
10/12/17, 9973.50, 10049.73, 9960.59, 10038.13
10/11/17, 9930.25, 9992.75, 9929.15, 9976.66
10/10/17, 9946.09, 9988.38, 9920.33, 9928.48
10/09/17, 9889.44, 9919.90, 9836.96, 9864.89
10/06/17, 9905.40, 9946.82, 9853.66, 9886.88
10/05/17, 9899.43, 9912.86, 9860.60, 9909.42
10/04/17, 9977.76, 10010.44, 9917.89, 9921.84
10/03/17, 9906.98, 9978.71, 9906.98, 9973.80
10/02/17, 9907.41, 9930.74, 9842.02, 9907.83
09/29/17, 9904.48, 9934.81, 9891.32, 9914.35
09/28/17, 9830.90, 9903.70, 9819.75, 9886.82
09/27/17, 9797.15, 9859.53, 9787.19, 9841.99
09/26/17, 9728.02, 9795.88, 9705.91, 9779.85
09/25/17, 9698.78, 9725.43, 9644.39, 9715.10
09/22/17, 9673.50, 9713.25, 9652.02, 9704.38
09/21/17, 9654.34, 9698.76, 9618.88, 9668.99
09/20/17, 9518.66, 9659.70, 9515.93, 9654.37
09/19/17, 9521.46, 9549.18, 9486.86, 9507.08
09/18/17, 9553.07, 9564.24, 9510.01, 9514.64
09/15/17, 9472.49, 9546.25, 9466.95, 9546.25
09/14/17, 9518.78, 9562.24, 9491.12, 9509.77
09/13/17, 9536.26, 9538.03, 9482.75, 9531.05
09/12/17, 9482.52, 9550.61, 9477.30, 9544.55
09/11/17, 9419.19, 9483.82, 9419.19, 9483.69
09/08/17, 9334.58, 9399.16, 9296.02, 9383.74
09/07/17, 9318.83, 9357.02, 9309.30, 9346.03
09/06/17, 9253.56, 9346.72, 9237.46, 9310.15
09/05/17, 9335.68, 9336.01, 9247.47, 9267.39
09/01/17, 9345.67, 9396.39, 9340.74, 9356.02
08/31/17, 9323.58, 9363.06, 9294.38, 9319.05
08/30/17, 9255.73, 9343.12, 9249.40, 9309.79
08/29/17, 9120.41, 9246.80, 9086.38, 9237.18
08/28/17, 9146.69, 9165.89, 9107.86, 9156.96
08/25/17, 9042.50, 9171.70, 9042.50, 9133.75
08/24/17, 9104.94, 9134.94, 9010.19, 9021.12
08/23/17, 9175.41, 9177.45, 9058.97, 9086.30
08/22/17, 9140.02, 9213.45, 9133.60, 9200.94
08/21/17, 9097.87, 9148.38, 9078.38, 9121.93
08/18/17, 9147.48, 9161.10, 9075.79, 9095.31
08/17/17, 9363.15, 9363.15, 9150.90, 9152.45
08/16/17, 9382.46, 9447.61, 9370.70, 9377.22
08/15/17, 9351.51, 9385.05, 9337.22, 9371.07
08/14/17, 9237.39, 9362.69, 9236.02, 9347.55
08/11/17, 9121.75, 9248.51, 9117.17, 9199.05
08/10/17, 9214.95, 9218.11, 9118.51, 9119.74
08/09/17, 9211.41, 9239.30, 9179.85, 9235.41
08/08/17, 9256.73, 9328.85, 9209.52, 9232.85
08/07/17, 9284.63, 9294.13, 9260.13, 9284.66
08/04/17, 9214.28, 9289.92, 9188.26, 9277.63
08/03/17, 9169.26, 9212.97, 9161.69, 9202.40
08/02/17, 9143.62, 9177.27, 9111.45, 9174.99
08/01/17, 9199.84, 9242.80, 9124.55, 9145.75
07/31/17, 9236.94, 9255.61, 9179.28, 9182.78
07/28/17, 9179.29, 9236.36, 9165.47, 9227.07
07/27/17, 9421.26, 9421.26, 9147.30, 9189.61
07/26/17, 9499.78, 9527.43, 9413.34, 9484.12
07/25/17, 9472.97, 9543.64, 9471.65, 9489.48
07/24/17, 9466.46, 9482.91, 9426.07, 9428.20
07/21/17, 9438.02, 9485.92, 9408.22, 9471.27
07/20/17, 9547.20, 9565.43, 9451.75, 9483.09
07/19/17, 9612.07, 9612.07, 9535.80, 9575.73
07/18/17, 9686.84, 9694.49, 9627.91, 9633.05
07/17/17, 9699.39, 9725.65, 9641.92, 9698.20
07/14/17, 9709.80, 9763.66, 9687.12, 9742.76
07/13/17, 9710.53, 9742.76, 9690.22, 9703.23
07/12/17, 9647.02, 9727.62, 9647.02, 9716.32
07/11/17, 9673.76, 9673.76, 9555.97, 9599.43
07/10/17, 9677.70, 9716.81, 9656.28, 9673.80
07/07/17, 9591.15, 9704.52, 9591.15, 9694.94
07/06/17, 9608.20, 9638.02, 9560.87, 9576.16
07/05/17, 9644.20, 9683.16, 9603.49, 9645.91
07/03/17, 9601.44, 9681.88, 9598.88, 9639.63
06/30/17, 9514.88, 9606.16, 9507.79, 9563.73
06/29/17, 9528.89, 9540.60, 9439.03, 9481.44
06/28/17, 9438.98, 9542.48, 9438.98, 9517.44
06/27/17, 9432.83, 9465.21, 9383.67, 9383.67
06/26/17, 9409.68, 9493.75, 9409.68, 9442.03
06/23/17, 9318.32, 9422.86, 9305.55, 9388.67
06/22/17, 9299.37, 9338.65, 9256.07, 9319.84
06/21/17, 9313.50, 9321.41, 9264.05, 9292.61
06/20/17, 9468.65, 9468.65, 9303.82, 9303.82
06/19/17, 9427.96, 9482.42, 9407.88, 9476.63
06/16/17, 9406.52, 9420.40, 9368.67, 9414.07
06/15/17, 9347.55, 9412.69, 9316.43, 9409.01
06/14/17, 9474.07, 9481.01, 9353.10, 9387.33
06/13/17, 9399.82, 9462.76, 9394.73, 9456.65
06/12/17, 9322.76, 9393.76, 9283.98, 9388.79
06/09/17, 9337.75, 9370.52, 9266.61, 9327.88
06/08/17, 9338.23, 9368.36, 9297.29, 9332.14
06/07/17, 9270.80, 9354.07, 9225.06, 9334.58
06/06/17, 9281.52, 9311.89, 9253.62, 9274.40
06/05/17, 9325.08, 9352.02, 9290.65, 9307.17
06/02/17, 9302.69, 9406.24, 9295.70, 9331.72
06/01/17, 9188.45, 9284.33, 9171.84, 9277.44
05/31/17, 9172.61, 9184.52, 9087.95, 9163.90
05/30/17, 9155.59, 9200.28, 9116.21, 9163.66
05/26/17, 9148.55, 9192.03, 9140.91, 9176.20
05/25/17, 9049.02, 9175.57, 9039.41, 9163.84
05/24/17, 9017.71, 9047.87, 9000.84, 9022.52
05/23/17, 8975.37, 9021.30, 8932.79, 9009.67
05/22/17, 8898.32, 8974.25, 8898.32, 8964.65
05/19/17, 8827.96, 8935.83, 8822.30, 8879.19
05/18/17, 8774.48, 8892.45, 8744.36, 8818.58
05/17/17, 9004.73, 9004.73, 8775.31, 8783.74
05/16/17, 9077.22, 9082.77, 9017.98, 9062.85
05/15/17, 9012.23, 9098.97, 9009.74, 9067.23
05/12/17, 9010.95, 9044.62, 8980.01, 9001.14
05/11/17, 9052.37, 9058.33, 8952.78, 9037.99
05/10/17, 9126.56, 9130.96, 9053.18, 9072.35
05/09/17, 9095.25, 9154.95, 9095.25, 9130.28
05/08/17, 9186.71, 9196.46, 9079.44, 9092.81
05/05/17, 9148.55, 9190.76, 9127.97, 9189.97
05/04/17, 9140.08, 9196.81, 9089.71, 9138.13
05/03/17, 9149.40, 9149.40, 9081.11, 9133.14
05/02/17, 9076.00, 9157.96, 9075.09, 9153.97
05/01/17, 9113.95, 9131.43, 9062.27, 9070.15
04/28/17, 9203.01, 9211.24, 9077.34, 9097.63
04/27/17, 9129.12, 9227.86, 9123.15, 9193.99
04/26/17, 9225.61, 9275.35, 9166.64, 9167.74
04/25/17, 9258.38, 9318.20, 9247.78, 9249.42
04/24/17, 9235.47, 9301.72, 9234.62, 9282.99
04/21/17, 9142.03, 9157.86, 9085.97, 9133.81
04/20/17, 9041.29, 9144.97, 9033.43, 9126.13
04/19/17, 8973.12, 9043.67, 8962.68, 8976.35
04/18/17, 8968.49, 8991.82, 8903.25, 8933.10
04/17/17, 8888.33, 8990.66, 8876.88, 8990.42
04/13/17, 8961.24, 8985.12, 8874.11, 8874.56
04/12/17, 9155.43, 9163.90, 8968.80, 8971.84
04/11/17, 9142.52, 9142.52, 9031.83, 9135.58
04/10/17, 9112.85, 9218.30, 9112.85, 9178.70
04/07/17, 9123.21, 9139.69, 9075.76, 9104.81
04/06/17, 9089.34, 9165.18, 9076.45, 9134.17
04/05/17, 9123.15, 9210.93, 9087.46, 9095.98
04/04/17, 9073.96, 9104.11, 9052.46, 9100.67
04/03/17, 9122.91, 9167.07, 9048.23, 9086.24
03/31/17, 9132.59, 9157.47, 9114.42, 9116.51
03/30/17, 9072.77, 9165.99, 9072.10, 9151.60
03/29/17, 9068.02, 9115.64, 9052.02, 9075.39
03/28/17, 8926.58, 9133.23, 8923.90, 9096.83
03/27/17, 8855.62, 8957.03, 8798.27, 8935.11
03/24/17, 8949.55, 8992.81, 8890.37, 8928.78
03/23/17, 8984.21, 9038.33, 8928.29, 8936.15
03/22/17, 8951.53, 8993.26, 8903.74, 8987.19
03/21/17, 9123.88, 9133.32, 8921.00, 8930.66
03/20/17, 9157.69, 9167.84, 9097.85, 9101.04
03/17/17, 9190.46, 9196.79, 9129.54, 9145.50
03/16/17, 9223.90, 9239.91, 9163.87, 9181.08
03/15/17, 9103.78, 9269.56, 9081.76, 9229.32
03/14/17, 9231.21, 9231.21, 9097.98, 9123.06
03/13/17, 9285.30, 9309.25, 9229.33, 9251.68
03/10/17, 9208.37, 9296.20, 9208.37, 9289.81
03/09/17, 9270.56, 9307.23, 9179.19, 9208.64
03/08/17, 9323.31, 9332.05, 9259.89, 9271.47
03/07/17, 9405.36, 9415.85, 9305.52, 9317.04
03/06/17, 9446.23, 9447.25, 9362.65, 9420.28
03/03/17, 9452.62, 9495.37, 9400.83, 9491.61
03/02/17, 9569.52, 9569.52, 9433.56, 9439.47
03/01/17, 9481.25, 9639.33, 9481.25, 9593.95
02/28/17, 9479.37, 9494.49, 9409.96, 9419.86
02/27/17, 9414.68, 9476.71, 9370.21, 9474.44
02/24/17, 9288.77, 9421.95, 9262.91, 9421.87
02/23/17, 9465.97, 9484.72, 9321.67, 9335.80
02/22/17, 9497.06, 9497.06, 9407.09, 9448.55
02/21/17, 9496.06, 9541.03, 9484.72, 9531.75
02/17/17, 9444.28, 9495.57, 9408.22, 9495.39
02/16/17, 9521.79, 9524.18, 9420.09, 9474.98
02/15/17, 9457.93, 9566.10, 9451.29, 9554.35
02/14/17, 9461.62, 9471.12, 9405.56, 9444.22
02/13/17, 9412.24, 9499.18, 9409.75, 9475.78
02/10/17, 9360.44, 9411.18, 9349.65, 9393.79
02/09/17, 9253.56, 9371.98, 9250.96, 9331.17
02/08/17, 9210.13, 9251.72, 9158.78, 9245.89
02/07/17, 9244.18, 9276.78, 9197.45, 9213.36
02/06/17, 9241.63, 9311.77, 9203.13, 9231.82
02/03/17, 9119.68, 9249.78, 9119.68, 9241.56
02/02/17, 9126.32, 9162.62, 9047.40, 9103.29
02/01/17, 9173.43, 9236.71, 9096.19, 9171.39
01/31/17, 9277.32, 9277.32, 9137.05, 9191.98
01/30/17, 9368.29, 9368.54, 9216.29, 9329.34
01/27/17, 9480.68, 9480.68, 9392.23, 9444.28
01/26/17, 9411.76, 9502.50, 9403.50, 9468.77
01/25/17, 9323.49, 9428.78, 9318.07, 9421.01
01/24/17, 9154.40, 9314.13, 9147.70, 9288.59
01/23/17, 9215.86, 9219.44, 9091.17, 9138.19
01/20/17, 9165.91, 9227.81, 9135.12, 9224.57
01/19/17, 9231.18, 9265.19, 9122.04, 9163.96
01/18/17, 9058.82, 9147.54, 9034.12, 9140.87
01/17/17, 9169.32, 9188.96, 9079.57, 9099.58
01/13/17, 9153.18, 9221.95, 9152.02, 9202.34
01/12/17, 9173.71, 9174.00, 9046.52, 9144.47
01/11/17, 9124.95, 9195.28, 9107.31, 9186.32
01/10/17, 9035.74, 9144.40, 9025.08, 9095.07
01/09/17, 9091.17, 9091.17, 9003.04, 9022.83
01/06/17, 9052.12, 9145.85, 9014.18, 9104.08
01/05/17, 9096.83, 9145.72, 9016.01, 9051.76
01/04/17, 9045.48, 9121.54, 9035.34, 9115.72
01/03/17, 9081.61, 9170.17, 8980.34, 9023.86
12/30/16, 9097.14, 9107.15, 9019.41, 9043.90
12/29/16, 9096.47, 9141.48, 9052.55, 9085.14
12/28/16, 9198.99, 9237.14, 9084.66, 9088.49
12/27/16, 9198.50, 9241.84, 9196.00, 9199.23
12/23/16, 9174.80, 9198.09, 9163.16, 9190.64
12/22/16, 9220.24, 9225.98, 9138.86, 9159.64
12/21/16, 9276.04, 9286.71, 9228.67, 9229.44
12/20/16, 9250.91, 9320.19, 9247.63, 9309.67
12/19/16, 9169.57, 9233.71, 9169.57, 9232.98
12/16/16, 9270.01, 9286.98, 9159.09, 9167.49
12/15/16, 9243.09, 9361.17, 9224.01, 9258.86
12/14/16, 9346.24, 9362.50, 9207.85, 9218.36
12/13/16, 9344.75, 9402.41, 9275.56, 9345.85
12/12/16, 9388.30, 9397.13, 9292.85, 9322.64
12/09/16, 9443.49, 9490.29, 9379.53, 9407.19
12/08/16, 9373.65, 9426.72, 9307.15, 9421.08
12/07/16, 9142.58, 9383.65, 9135.43, 9371.61
12/06/16, 9084.41, 9144.62, 9046.22, 9140.27
12/05/16, 9089.28, 9129.70, 9061.50, 9081.61
12/02/16, 9049.02, 9075.82, 9032.24, 9048.96
12/01/16, 8976.96, 9074.63, 8976.96, 9037.20
11/30/16, 8918.72, 9042.65, 8906.36, 8981.65
11/29/16, 8956.19, 8991.61, 8938.43, 8943.58
11/28/16, 9027.21, 9029.59, 8933.34, 8962.46
11/25/16, 8999.92, 9044.21, 8999.92, 9044.21
11/23/16, 8909.22, 9003.67, 8909.10, 9000.04
11/22/16, 8918.79, 8943.42, 8892.47, 8911.48
11/21/16, 8869.45, 8907.88, 8868.23, 8897.34
11/18/16, 8788.92, 8859.06, 8765.04, 8856.47
11/17/16, 8752.37, 8797.29, 8737.23, 8791.23
11/16/16, 8801.22, 8816.82, 8716.49, 8749.08
11/15/16, 8792.88, 8844.53, 8725.75, 8814.50
11/14/16, 8603.38, 8771.71, 8602.71, 8765.71
11/11/16, 8530.59, 8579.32, 8499.73, 8578.65
11/10/16, 8422.28, 8611.17, 8422.28, 8556.60
11/09/16, 8301.13, 8425.45, 8189.62, 8397.31
11/08/16, 8285.11, 8345.77, 8158.04, 8328.29
11/07/16, 8116.68, 8330.91, 8116.68, 8330.36
11/04/16, 8051.56, 8143.76, 8034.84, 8075.14
11/03/16, 8040.90, 8108.70, 8035.61, 8053.09
11/02/16, 8004.24, 8067.37, 8003.57, 8025.80
11/01/16, 8068.01, 8095.91, 7958.79, 8008.38
10/31/16, 8043.52, 8075.26, 8028.78, 8058.02
10/28/16, 8018.61, 8085.40, 7972.50, 8018.55
10/27/16, 7987.42, 8019.40, 7935.68, 8014.96
10/26/16, 7947.83, 8034.69, 7885.70, 7967.02
10/25/16, 8040.36, 8070.87, 8014.93, 8019.16
10/24/16, 8044.74, 8100.20, 8044.74, 8056.44
10/21/16, 8006.73, 8035.97, 7950.69, 8026.65
10/20/16, 8085.62, 8097.49, 8017.85, 8036.34
10/19/16, 8018.37, 8088.63, 8012.00, 8064.72
10/18/16, 8031.71, 8087.90, 8005.00, 8008.56
10/17/16, 8002.41, 8049.26, 7991.99, 8009.53
10/14/16, 8082.14, 8134.83, 8037.43, 8039.29
10/13/16, 8027.14, 8076.48, 7937.90, 8055.34
10/12/16, 8088.72, 8108.58, 8045.05, 8054.98
10/11/16, 8145.71, 8152.01, 8060.49, 8086.59
10/10/16, 8073.68, 8145.55, 8073.68, 8137.09
10/07/16, 8122.89, 8122.89, 8021.72, 8056.86
10/06/16, 8121.43, 8140.07, 8087.75, 8128.19
10/05/16, 8087.38, 8145.40, 8086.83, 8128.01
10/04/16, 8124.54, 8171.93, 8063.29, 8074.89
10/03/16, 8061.68, 8101.57, 8042.24, 8099.38
09/30/16, 8005.64, 8105.93, 8005.64, 8078.79
09/29/16, 8000.15, 8051.60, 7966.29, 7984.86
09/28/16, 7991.32, 8024.21, 7953.01, 8004.94
09/27/16, 7915.85, 7994.37, 7905.86, 7981.09
09/26/16, 7911.77, 7939.82, 7879.61, 7914.69
09/23/16, 7948.50, 7956.24, 7923.49, 7936.99
09/22/16, 7951.30, 8018.64, 7950.17, 7963.12
09/21/16, 7808.16, 7944.08, 7807.85, 7931.32
09/20/16, 7816.07, 7851.19, 7793.11, 7793.23
09/19/16, 7794.33, 7846.65, 7777.06, 7792.38
09/16/16, 7802.98, 7802.98, 7747.79, 7770.33
09/15/16, 7752.79, 7819.85, 7712.13, 7800.36
09/14/16, 7768.14, 7802.22, 7732.56, 7755.40
09/13/16, 7898.92, 7899.16, 7753.88, 7771.91
09/12/16, 7786.59, 7956.33, 7756.99, 7925.90
09/09/16, 8025.19, 8038.04, 7822.41, 7822.59
09/08/16, 8049.62, 8083.30, 8038.07, 8076.60
09/07/16, 7962.20, 8070.14, 7960.44, 8057.60
09/06/16, 7948.19, 7954.47, 7904.25, 7952.40
09/02/16, 7925.72, 7995.89, 7925.72, 7946.79
09/01/16, 7896.30, 7945.09, 7849.33, 7917.56
08/31/16, 7894.77, 7898.12, 7817.57, 7878.69
08/30/16, 7862.86, 7926.48, 7862.86, 7910.12
08/29/16, 7830.69, 7877.20, 7825.45, 7860.30
08/26/16, 7876.01, 7915.30, 7804.62, 7824.54
08/25/16, 7902.39, 7909.15, 7860.66, 7868.03
08/24/16, 7919.50, 7949.17, 7901.90, 7918.65
08/23/16, 7923.77, 7951.42, 7922.22, 7923.40
08/22/16, 7914.21, 7914.39, 7871.26, 7894.77
08/19/16, 7905.07, 7943.20, 7883.75, 7930.35
08/18/16, 7879.12, 7922.06, 7871.99, 7922.06
08/17/16, 7851.83, 7886.79, 7829.93, 7882.47
08/16/16, 7836.97, 7864.07, 7824.11, 7850.79
08/15/16, 7820.40, 7891.97, 7819.36, 7852.56
08/12/16, 7833.86, 7833.86, 7791.59, 7807.18
08/11/16, 7803.89, 7871.29, 7803.89, 7846.65
08/10/16, 7835.57, 7843.24, 7791.53, 7802.92
08/09/16, 7878.33, 7895.57, 7830.05, 7836.78
08/08/16, 7873.20, 7937.11, 7860.45, 7869.31
08/05/16, 7753.49, 7869.13, 7753.49, 7866.57
08/04/16, 7705.94, 7727.93, 7667.32, 7720.01
08/03/16, 7659.59, 7719.80, 7656.24, 7711.36
08/02/16, 7789.76, 7792.71, 7622.92, 7648.44
08/01/16, 7843.67, 7861.21, 7794.69, 7815.65
07/29/16, 7848.97, 7881.65, 7807.73, 7846.41
07/28/16, 7849.33, 7879.21, 7779.16, 7864.13
07/27/16, 7980.11, 7980.11, 7831.18, 7861.45
07/26/16, 7903.36, 7980.87, 7899.59, 7980.30
07/25/16, 7969.09, 7969.09, 7886.40, 7892.95
07/22/16, 7875.59, 7972.53, 7861.36, 7965.98
07/21/16, 7926.57, 7926.57, 7842.02, 7858.59
07/20/16, 7972.38, 8021.96, 7945.27, 7962.33
07/19/16, 7956.05, 7979.72, 7914.57, 7961.47
07/18/16, 7973.90, 7996.44, 7928.64, 7972.86
07/15/16, 8018.37, 8018.61, 7969.82, 7985.17
07/14/16, 7959.04, 8048.09, 7959.04, 8015.93
07/13/16, 7896.54, 7952.49, 7841.14, 7930.71
07/12/16, 7738.84, 7891.00, 7738.84, 7879.06
07/11/16, 7705.82, 7752.54, 7687.82, 7711.91
07/08/16, 7542.57, 7707.47, 7542.57, 7683.28
07/07/16, 7460.77, 7550.30, 7458.39, 7492.56
07/06/16, 7432.26, 7462.84, 7328.86, 7458.03
07/05/16, 7532.83, 7532.83, 7402.17, 7462.05
07/01/16, 7505.11, 7587.65, 7500.48, 7557.62
06/30/16, 7416.85, 7485.13, 7341.93, 7485.13
06/29/16, 7278.03, 7440.70, 7278.03, 7412.95
06/28/16, 7143.29, 7253.42, 7143.29, 7252.63
06/27/16, 7267.49, 7267.49, 7029.41, 7093.40
06/24/16, 7652.28, 7652.28, 7293.87, 7320.55
06/23/16, 7641.13, 7696.81, 7624.14, 7671.53
06/22/16, 7635.28, 7644.73, 7589.66, 7600.20
06/21/16, 7651.43, 7678.32, 7595.51, 7649.29
06/20/16, 7636.68, 7757.23, 7636.68, 7672.62
06/17/16, 7547.20, 7623.59, 7532.65, 7589.84
06/16/16, 7546.23, 7558.59, 7440.73, 7546.11
06/15/16, 7579.85, 7659.62, 7563.01, 7569.07
06/14/16, 7670.43, 7701.19, 7523.26, 7564.81
06/13/16, 7753.82, 7753.82, 7672.29, 7676.10
06/10/16, 7849.76, 7849.76, 7736.19, 7764.85
06/09/16, 7886.61, 7892.40, 7823.99, 7882.23
06/08/16, 7860.85, 7950.60, 7860.85, 7900.68
06/07/16, 7782.08, 7890.39, 7782.08, 7855.12
06/06/16, 7734.94, 7782.88, 7701.68, 7772.40
06/03/16, 7759.36, 7759.36, 7640.19, 7730.13
06/02/16, 7755.65, 7776.15, 7729.15, 7763.08
06/01/16, 7787.69, 7787.69, 7698.27, 7773.25
05/31/16, 7775.32, 7829.69, 7768.68, 7798.35
05/27/16, 7725.01, 7774.44, 7725.01, 7772.28
05/26/16, 7746.45, 7779.59, 7699.70, 7722.69
05/25/16, 7689.80, 7764.36, 7689.80, 7743.71
05/24/16, 7655.87, 7724.34, 7655.87, 7681.15
05/23/16, 7672.93, 7686.27, 7633.34, 7638.09
05/20/16, 7607.99, 7697.14, 7606.96, 7671.89
05/19/16, 7603.61, 7636.68, 7524.54, 7585.88
05/18/16, 7594.90, 7706.28, 7569.80, 7630.35
05/17/16, 7558.23, 7730.13, 7553.96, 7607.63
05/16/16, 7514.55, 7604.46, 7513.82, 7562.61
05/13/16, 7591.00, 7634.89, 7469.97, 7507.31
05/12/16, 7717.94, 7753.67, 7574.19, 7600.20
05/11/16, 7828.68, 7846.90, 7710.39, 7710.45
05/10/16, 7753.03, 7838.95, 7753.03, 7831.97
05/09/16, 7734.45, 7775.26, 7720.50, 7738.53
05/06/16, 7660.90, 7749.37, 7613.60, 7738.96
05/05/16, 7762.41, 7780.56, 7663.58, 7667.48
05/04/16, 7822.65, 7836.94, 7741.21, 7756.14
05/03/16, 7890.75, 7890.75, 7744.71, 7828.32
05/02/16, 7888.62, 7955.17, 7876.96, 7923.95
04/29/16, 7943.63, 7949.29, 7818.05, 7871.63
04/28/16, 8067.04, 8074.10, 7954.50, 7966.04
04/27/16, 8055.89, 8111.29, 8022.54, 8091.34
04/26/16, 7993.15, 8086.35, 7993.15, 8081.47
04/25/16, 8075.63, 8090.49, 7946.58, 7990.35
04/22/16, 8013.19, 8100.90, 7997.20, 8085.98
04/21/16, 8103.46, 8103.46, 8000.34, 8010.94
04/20/16, 8105.90, 8149.00, 8088.39, 8109.19
04/19/16, 8021.96, 8141.96, 8021.96, 8106.14
04/18/16, 7958.06, 8018.58, 7919.50, 8002.65
04/15/16, 7982.92, 8019.77, 7950.21, 7978.23
04/14/16, 7973.47, 8025.98, 7948.44, 7980.78
04/13/16, 7784.70, 7968.30, 7784.70, 7960.74
04/12/16, 7713.37, 7787.93, 7690.08, 7758.69
04/11/16, 7746.21, 7840.10, 7698.97, 7699.49
04/08/16, 7668.73, 7819.36, 7668.73, 7736.28
04/07/16, 7721.90, 7724.43, 7623.89, 7652.83
04/06/16, 7773.50, 7773.50, 7655.93, 7753.88
04/05/16, 7795.49, 7818.60, 7758.51, 7772.46
04/04/16, 7890.69, 7929.74, 7808.22, 7816.99
04/01/16, 7924.99, 7924.99, 7792.01, 7887.77
03/31/16, 7959.10, 7968.66, 7914.63, 7944.11
03/30/16, 7967.63, 8034.02, 7957.36, 7965.19
03/29/16, 7858.17, 7956.48, 7799.87, 7951.61
03/28/16, 7933.82, 7938.33, 7811.54, 7858.71
03/24/16, 7933.58, 7933.58, 7848.57, 7926.02
03/23/16, 8009.17, 8009.20, 7931.08, 7956.78
03/22/16, 8048.76, 8048.76, 7980.24, 8011.67
03/21/16, 8073.07, 8114.27, 8033.78, 8075.38
03/18/16, 7960.13, 8091.95, 7950.45, 8075.69
03/17/16, 7730.13, 7973.75, 7725.44, 7959.95
03/16/16, 7632.66, 7746.09, 7612.08, 7729.33
03/15/16, 7666.59, 7666.59, 7604.52, 7646.98
03/14/16, 7684.50, 7712.43, 7651.49, 7690.41
03/11/16, 7542.94, 7695.95, 7542.94, 7693.09
03/10/16, 7532.65, 7596.27, 7426.84, 7518.09
03/09/16, 7481.66, 7543.85, 7478.80, 7528.44
03/08/16, 7664.77, 7664.77, 7469.36, 7478.37
03/07/16, 7640.34, 7693.15, 7575.35, 7686.02
03/04/16, 7605.01, 7726.50, 7590.27, 7651.85
03/03/16, 7513.70, 7617.98, 7507.12, 7602.03
03/02/16, 7494.45, 7525.94, 7466.25, 7517.17
03/01/16, 7368.55, 7512.39, 7368.55, 7500.30
02/29/16, 7395.65, 7423.28, 7344.24, 7345.03
02/26/16, 7387.61, 7464.06, 7377.44, 7405.03
02/25/16, 7298.98, 7369.82, 7250.01, 7369.58
02/24/16, 7282.90, 7309.95, 7129.43, 7290.88
02/23/16, 7373.91, 7375.79, 7278.64, 7325.17
02/22/16, 7341.44, 7463.63, 7341.44, 7421.11
02/19/16, 7273.95, 7297.73, 7192.54, 7285.95
02/18/16, 7329.44, 7339.73, 7233.96, 7284.73
02/17/16, 7227.35, 7383.16, 7225.22, 7326.45
02/16/16, 7069.89, 7228.05, 7041.69, 7209.56
02/12/16, 6903.11, 7050.73, 6903.11, 7048.69
02/11/16, 6948.37, 6954.21, 6794.32, 6883.49
02/10/16, 7007.70, 7100.31, 6979.34, 6983.94
02/09/16, 6908.83, 7038.94, 6842.86, 6996.30
02/08/16, 6918.03, 6953.54, 6791.39, 6924.31
02/05/16, 7038.09, 7069.16, 6920.68, 6942.82
02/04/16, 6836.10, 7058.65, 6831.90, 7051.25
02/03/16, 6792.67, 6857.30, 6655.86, 6834.76
02/02/16, 6947.57, 6947.57, 6740.72, 6764.16
02/01/16, 6887.15, 7000.81, 6848.93, 6968.83
01/29/16, 6716.84, 6906.76, 6693.99, 6906.76
01/28/16, 6771.84, 6789.75, 6644.17, 6701.97
01/27/16, 6840.90, 6927.96, 6726.25, 6756.12
01/26/16, 6666.03, 6819.90, 6666.03, 6815.76
01/25/16, 6770.62, 6770.62, 6643.71, 6651.78
01/22/16, 6712.08, 6878.98, 6712.08, 6778.54
01/21/16, 6624.25, 6732.12, 6554.01, 6689.97
01/20/16, 6607.74, 6705.26, 6403.31, 6625.53
01/19/16, 6713.73, 6770.87, 6593.00, 6657.20
01/15/16, 6763.74, 6763.74, 6560.11, 6689.06
01/14/16, 6731.03, 6848.89, 6621.38, 6799.92
01/13/16, 6988.20, 7013.79, 6675.54, 6721.37
01/12/16, 6932.35, 6982.96, 6876.12, 6978.21
01/11/16, 6964.14, 6994.48, 6820.66, 6914.56
01/08/16, 7011.11, 7057.89, 6934.69, 6946.36
01/07/16, 7185.01, 7185.01, 6981.53, 6995.39
01/06/16, 7334.80, 7334.80, 7183.06, 7217.05
01/05/16, 7362.09, 7386.36, 7277.05, 7363.95
01/04/16, 7491.41, 7491.41, 7289.05, 7352.59
12/31/15, 7525.52, 7566.69, 7488.12, 7508.71
12/30/15, 7617.50, 7617.50, 7528.44, 7537.40
12/29/15, 7581.50, 7626.70, 7563.47, 7619.78
12/28/15, 7614.09, 7614.09, 7508.65, 7566.70
12/24/15, 7606.23, 7652.80, 7601.48, 7622.61
12/23/15, 7531.73, 7621.70, 7511.81, 7610.49
12/22/15, 7437.44, 7543.18, 7419.16, 7526.77
12/21/15, 7384.87, 7447.00, 7376.68, 7415.39
12/18/15, 7527.83, 7527.83, 7361.11, 7364.04
12/17/15, 7684.93, 7765.39, 7532.52, 7533.38
12/16/15, 7580.61, 7705.52, 7577.05, 7687.00
12/15/15, 7507.43, 7585.27, 7507.43, 7551.25
12/14/15, 7516.99, 7543.73, 7406.25, 7489.64
12/11/15, 7659.16, 7659.16, 7515.68, 7524.64
12/10/15, 7637.17, 7727.48, 7629.19, 7671.47
12/09/15, 7643.57, 7728.36, 7565.81, 7627.91
12/08/15, 7868.28, 7868.28, 7640.86, 7663.24
12/07/15, 7945.09, 8014.99, 7861.82, 7884.78
12/04/15, 7890.69, 7963.91, 7831.52, 7954.83
12/03/15, 8032.26, 8052.97, 7852.38, 7885.82
12/02/15, 8197.39, 8197.39, 7994.31, 8030.43
12/01/15, 8105.66, 8209.24, 8088.90, 8204.27
11/30/15, 8216.76, 8235.52, 8101.09, 8101.45
11/27/15, 8183.56, 8241.00, 8174.12, 8215.42
11/25/15, 8180.27, 8194.95, 8148.78, 8172.05
11/24/15, 8215.36, 8215.36, 8103.13, 8174.91
11/23/15, 8303.38, 8327.32, 8211.71, 8226.87
11/20/15, 8286.63, 8358.20, 8279.87, 8301.80
11/19/15, 8193.68, 8282.06, 8193.68, 8272.56
11/18/15, 8063.05, 8196.96, 8063.05, 8191.33
11/17/15, 8053.21, 8145.92, 8014.65, 8058.30
11/16/15, 8005.76, 8052.78, 7921.27, 8052.05
11/13/15, 8047.85, 8091.71, 7995.10, 8010.27
11/12/15, 8166.08, 8166.08, 8054.63, 8059.54
11/11/15, 8217.98, 8244.35, 8177.44, 8187.10
11/10/15, 8220.96, 8257.21, 8144.03, 8217.49
11/09/15, 8230.59, 8279.01, 8058.57, 8215.18
11/06/15, 8172.11, 8242.28, 8144.34, 8241.43
11/05/15, 8155.42, 8225.56, 8140.62, 8180.15
11/04/15, 8205.31, 8213.29, 8132.73, 8153.29
11/03/15, 8240.94, 8240.94, 8163.77, 8206.71
11/02/15, 8131.97, 8270.09, 8131.97, 8242.95
10/30/15, 8138.00, 8172.57, 8113.76, 8128.07
10/29/15, 8058.08, 8143.48, 8052.66, 8138.00
10/28/15, 8075.93, 8107.48, 7987.61, 8070.08
10/27/15, 8277.49, 8277.49, 8031.04, 8063.56
10/26/15, 8297.11, 8321.11, 8268.08, 8282.30
10/23/15, 8250.75, 8314.59, 8219.38, 8295.58
10/22/15, 8125.39, 8267.96, 8125.39, 8238.93
10/21/15, 8163.77, 8219.05, 8109.25, 8118.93
10/20/15, 8106.51, 8176.16, 8079.04, 8158.53
10/19/15, 8077.39, 8120.94, 8040.72, 8107.00
10/16/15, 8207.35, 8214.69, 8037.37, 8078.61
10/15/15, 8105.72, 8220.99, 8088.48, 8208.57
10/14/15, 8071.12, 8137.39, 8048.22, 8091.95
10/13/15, 8248.73, 8248.73, 8075.03, 8077.74
10/12/15, 8254.31, 8262.36, 8181.67, 8260.93
10/09/15, 8200.56, 8281.80, 8200.56, 8253.16
10/08/15, 8076.95, 8206.87, 8055.50, 8191.63
10/07/15, 7976.84, 8101.73, 7976.84, 8080.35
10/06/15, 8052.59, 8073.91, 7967.12, 7971.86
10/05/15, 7882.88, 8089.70, 7882.88, 8055.20
10/02/15, 7827.60, 7873.86, 7682.97, 7873.64
10/01/15, 7789.70, 7837.23, 7755.50, 7832.70
09/30/15, 7708.48, 7812.17, 7707.00, 7785.63
09/29/15, 7676.90, 7716.44, 7640.88, 7700.71
09/28/15, 7848.19, 7848.19, 7672.34, 7675.87
09/25/15, 7784.11, 7899.18, 7784.11, 7850.62
09/24/15, 7849.47, 7849.47, 7732.17, 7781.38
09/23/15, 7895.51, 7904.74, 7811.38, 7861.28
09/22/15, 8078.71, 8078.71, 7858.15, 7896.36
09/21/15, 8043.05, 8164.14, 8043.05, 8099.91
09/18/15, 8210.64, 8210.64, 8017.91, 8036.37
09/17/15, 8183.06, 8320.04, 8180.51, 8215.44
09/16/15, 8163.57, 8197.46, 8122.20, 8183.37
09/15/15, 8021.25, 8181.12, 8021.25, 8163.93
09/14/15, 8054.96, 8056.78, 8000.99, 8015.66
09/11/15, 8030.48, 8053.80, 7997.10, 8051.62
09/10/15, 7956.95, 8080.74, 7949.63, 8030.48
09/09/15, 8019.61, 8078.01, 7942.13, 7956.22
09/08/15, 7813.51, 8020.49, 7813.51, 8012.86
09/04/15, 7866.11, 7870.54, 7762.06, 7793.83
09/03/15, 7875.65, 7946.23, 7851.59, 7871.21
09/02/15, 7688.74, 7865.69, 7688.74, 7865.32
09/01/15, 7835.31, 7835.31, 7647.04, 7677.32
08/31/15, 7900.64, 7917.44, 7844.73, 7845.15
08/28/15, 7862.95, 7936.94, 7851.29, 7908.66
08/27/15, 7684.07, 7867.93, 7684.07, 7866.72
08/26/15, 7466.97, 7695.61, 7466.97, 7682.12
08/25/15, 7595.08, 7773.27, 7464.45, 7466.97
08/24/15, 7838.29, 7838.29, 7452.70, 7595.08
08/21/15, 8090.19, 8090.19, 7864.23, 7872.06
08/20/15, 8288.88, 8288.88, 8089.92, 8092.68
08/19/15, 8352.84, 8360.98, 8273.81, 8299.99
08/18/15, 8379.08, 8411.70, 8342.63, 8361.04
08/17/15, 8313.42, 8380.26, 8240.71, 8379.02
08/14/15, 8263.12, 8328.54, 8253.46, 8318.70
08/13/15, 8277.52, 8304.67, 8246.24, 8265.43
08/12/15, 8306.49, 8306.49, 8141.42, 8276.18
08/11/15, 8357.64, 8391.77, 8282.38, 8316.70
08/10/15, 8263.55, 8390.62, 8263.55, 8372.03
08/07/15, 8363.77, 8363.77, 8227.16, 8250.85
08/06/15, 8441.52, 8449.36, 8334.19, 8366.99
08/05/15, 8431.62, 8530.82, 8431.62, 8437.15
08/04/15, 8406.84, 8467.82, 8396.09, 8427.25
08/03/15, 8391.77, 8465.48, 8369.78, 8416.86
07/31/15, 8426.34, 8446.75, 8381.93, 8391.96
07/30/15, 8408.84, 8430.04, 8360.55, 8419.78
07/29/15, 8276.55, 8432.41, 8276.55, 8420.87
07/28/15, 8068.14, 8294.53, 8068.14, 8278.61
07/27/15, 8058.12, 8073.36, 8019.61, 8059.64
07/24/15, 8129.85, 8170.13, 8046.73, 8072.57
07/23/15, 8297.68, 8325.66, 8107.20, 8127.00
07/22/15, 8321.98, 8326.69, 8265.79, 8297.68
07/21/15, 8262.76, 8353.26, 8258.44, 8323.01
07/20/15, 8297.02, 8318.64, 8257.26, 8262.27
07/17/15, 8238.52, 8348.92, 8238.52, 8293.61
07/16/15, 8234.94, 8285.14, 8234.94, 8238.52
07/15/15, 8289.73, 8304.67, 8217.14, 8224.31
07/14/15, 8283.96, 8313.72, 8238.89, 8284.20
07/13/15, 8216.41, 8312.32, 8216.41, 8289.91
07/10/15, 8061.21, 8211.95, 8061.21, 8201.65
07/09/15, 8002.54, 8120.04, 8002.54, 8052.83
07/08/15, 8170.64, 8170.64, 7970.65, 8002.54
07/07/15, 8082.54, 8191.84, 8012.80, 8179.02
07/06/15, 8113.57, 8171.89, 8039.17, 8078.53
07/02/15, 8103.98, 8145.77, 8090.37, 8122.50
07/01/15, 8096.11, 8174.85, 8060.24, 8103.86
06/30/15, 8083.08, 8168.91, 8083.08, 8092.28
06/29/15, 8233.78, 8243.81, 8076.40, 8080.83
06/26/15, 8246.66, 8281.47, 8227.44, 8242.47
06/25/15, 8309.77, 8332.31, 8235.45, 8239.58
06/24/15, 8471.04, 8471.04, 8291.82, 8310.01
06/23/15, 8479.18, 8522.92, 8456.04, 8467.88
06/22/15, 8418.86, 8509.49, 8418.86, 8480.43
06/19/15, 8446.26, 8487.59, 8411.51, 8411.88
06/18/15, 8317.46, 8465.58, 8317.46, 8444.38
06/17/15, 8348.83, 8351.62, 8252.67, 8315.94
06/16/15, 8371.67, 8404.89, 8302.48, 8348.22
06/15/15, 8407.41, 8407.41, 8327.45, 8375.86
06/12/15, 8443.53, 8458.68, 8397.67, 8416.80
06/11/15, 8366.93, 8456.16, 8365.05, 8451.67
06/10/15, 8322.65, 8402.83, 8300.42, 8363.47
06/09/15, 8334.43, 8351.50, 8256.62, 8307.34
06/08/15, 8505.30, 8505.30, 8333.76, 8334.68
06/05/15, 8433.99, 8518.54, 8409.02, 8509.64
06/04/15, 8505.60, 8516.84, 8420.38, 8436.90
06/03/15, 8405.62, 8540.44, 8400.03, 8510.04
06/02/15, 8390.47, 8453.55, 8318.40, 8407.44
06/01/15, 8306.61, 8418.38, 8282.53, 8394.23
05/29/15, 8363.89, 8363.89, 8265.67, 8299.75
05/28/15, 8435.69, 8435.69, 8325.14, 8367.42
05/27/15, 8350.92, 8460.29, 8348.59, 8444.32
05/26/15, 8477.12, 8495.16, 8340.32, 8350.50
05/22/15, 8545.63, 8551.16, 8452.94, 8482.31
05/21/15, 8499.59, 8589.73, 8488.66, 8551.28
05/20/15, 8673.80, 8673.80, 8502.14, 8503.96
05/19/15, 8743.83, 8769.71, 8667.09, 8674.10
05/18/15, 8673.19, 8750.76, 8654.39, 8740.68
05/15/15, 8598.05, 8683.18, 8598.05, 8680.78
05/14/15, 8566.86, 8614.64, 8526.65, 8598.51
05/13/15, 8649.08, 8691.17, 8548.88, 8559.51
05/12/15, 8743.29, 8743.29, 8632.80, 8649.87
05/11/15, 8763.18, 8807.61, 8751.06, 8754.59
05/08/15, 8728.77, 8844.48, 8728.77, 8766.89
05/07/15, 8619.50, 8753.10, 8618.16, 8717.05
05/06/15, 8608.41, 8652.90, 8567.20, 8619.37
05/05/15, 8746.26, 8746.26, 8602.85, 8606.47
05/04/15, 8750.70, 8824.74, 8734.12, 8750.64
05/01/15, 8602.85, 8748.57, 8602.85, 8737.00
04/30/15, 8688.29, 8688.29, 8559.99, 8592.89
04/29/15, 8803.61, 8803.61, 8645.98, 8701.47
04/28/15, 8801.72, 8827.09, 8727.50, 8810.35
04/27/15, 8861.40, 8884.24, 8791.91, 8803.85
04/24/15, 8877.41, 8911.12, 8849.16, 8880.17
04/23/15, 8862.89, 8953.18, 8795.16, 8904.68
04/22/15, 8816.66, 8878.14, 8785.99, 8863.07
04/21/15, 8803.06, 8829.85, 8753.43, 8815.75
04/20/15, 8660.80, 8817.88, 8660.80, 8793.70
04/17/15, 8697.00, 8697.00, 8620.65, 8647.50
04/16/15, 8702.74, 8735.09, 8676.41, 8708.36
04/15/15, 8702.65, 8783.86, 8693.66, 8704.81
04/14/15, 8710.49, 8710.49, 8585.60, 8697.79
04/13/15, 8759.35, 8810.56, 8703.78, 8706.63
04/10/15, 8710.73, 8780.19, 8710.73, 8767.83
04/09/15, 8666.87, 8716.65, 8636.44, 8708.51
04/08/15, 8611.54, 8669.37, 8596.60, 8668.58
04/07/15, 8569.69, 8658.01, 8569.69, 8607.68
04/06/15, 8588.58, 8625.93, 8527.68, 8566.47
04/02/15, 8675.56, 8701.65, 8605.13, 8605.31
04/01/15, 8736.58, 8736.58, 8621.20, 8672.13
03/31/15, 8785.02, 8785.02, 8712.22, 8741.41
03/30/15, 8711.73, 8802.69, 8711.73, 8788.06
03/27/15, 8677.02, 8706.39, 8661.53, 8700.34
03/26/15, 8725.07, 8725.07, 8611.36, 8677.84
03/25/15, 8911.00, 8916.43, 8721.06, 8727.40
03/24/15, 8964.82, 8964.82, 8907.17, 8908.39
03/23/15, 9141.88, 9142.91, 8968.40, 8968.40
03/20/15, 9123.78, 9176.20, 9123.30, 9148.13
03/19/15, 9117.46, 9165.59, 9073.85, 9118.86
03/18/15, 9076.22, 9141.61, 8997.07, 9118.95
03/17/15, 9090.86, 9110.05, 9064.98, 9086.36
03/16/15, 8962.26, 9096.60, 8962.26, 9096.60
03/13/15, 9006.73, 9035.58, 8904.22, 8945.13
03/12/15, 8903.16, 9011.71, 8903.16, 9005.69
03/11/15, 8802.03, 8921.02, 8802.03, 8897.27
03/10/15, 8912.64, 8912.64, 8794.19, 8798.35
03/09/15, 8906.68, 8944.07, 8906.68, 8928.13
03/06/15, 9003.57, 9003.57, 8893.56, 8907.41
03/05/15, 9017.11, 9029.63, 8965.82, 9003.57
03/04/15, 9058.36, 9058.36, 8963.11, 9017.11
03/03/15, 9102.21, 9102.21, 9006.48, 9058.36
03/02/15, 9022.88, 9103.55, 9022.88, 9102.82
02/27/15, 9082.90, 9105.25, 9024.10, 9024.52
02/26/15, 9133.01, 9144.49, 9049.73, 9082.17
02/25/15, 9175.10, 9214.77, 9117.25, 9131.80
02/24/15, 9128.39, 9184.76, 9093.28, 9178.48
02/23/15, 9133.19, 9161.50, 9116.37, 9143.52
02/20/15, 9068.74, 9131.95, 8993.73, 9131.16
02/19/15, 9079.07, 9169.33, 9069.50, 9076.73
02/18/15, 9041.35, 9081.23, 9019.06, 9081.11
02/17/15, 9031.39, 9060.42, 9013.53, 9045.06
02/13/15, 9010.98, 9044.75, 8993.42, 9034.06
02/12/15, 8943.43, 9012.83, 8932.68, 9011.53
02/11/15, 8915.98, 8978.12, 8911.73, 8941.40
02/10/15, 8849.07, 8930.19, 8813.99, 8916.62
02/09/15, 8921.32, 8921.32, 8808.46, 8840.63
02/06/15, 8970.22, 9009.22, 8902.92, 8932.47
02/05/15, 8892.59, 8972.56, 8892.59, 8966.58
02/04/15, 8875.89, 8934.35, 8820.34, 8884.94
02/03/15, 8784.59, 8903.22, 8784.59, 8902.16
02/02/15, 8659.59, 8776.39, 8583.54, 8774.11
01/30/15, 8838.38, 8838.38, 8645.28, 8649.32
01/29/15, 8800.69, 8867.69, 8726.10, 8851.29
01/28/15, 8942.31, 9002.44, 8783.44, 8798.84
01/27/15, 9014.38, 9014.38, 8874.67, 8928.83
01/26/15, 8980.00, 9055.84, 8957.10, 9040.14
01/23/15, 9130.76, 9130.76, 8976.54, 8981.94
01/22/15, 8903.77, 9153.84, 8903.77, 9143.52
01/21/15, 8838.11, 8937.60, 8801.27, 8888.64
01/20/15, 8768.37, 8867.35, 8758.37, 8848.55
01/16/15, 8648.71, 8764.34, 8619.74, 8764.12
01/15/15, 8697.06, 8757.08, 8646.10, 8655.94
01/14/15, 8734.66, 8734.66, 8584.99, 8689.87
01/13/15, 8814.48, 8954.31, 8686.43, 8765.34
01/12/15, 8863.19, 8883.36, 8781.37, 8806.70
01/09/15, 8963.90, 8979.76, 8853.63, 8858.15
01/08/15, 8789.33, 8976.54, 8788.91, 8961.60
01/07/15, 8724.61, 8792.17, 8724.61, 8772.38
01/06/15, 8857.85, 8899.67, 8659.40, 8710.96
01/05/15, 9080.38, 9082.62, 8846.86, 8856.76
01/02/15, 9139.92, 9200.87, 9006.20, 9098.98